chr	start	end	gene	exon	mutations	amplicon	panel
chr12	25398255	25398295	KRAS	2	COSM12654 : c.30_31insGGA ; p.G10_A11insG, COSM12655 : c.36_37insGGT ; p.G12_G13insG, COSM12703 : c.57G>C ; p.L19F, COSM12721 : c.38_39GC>TT ; p.G13V, COSM12722 : c.40G>A ; p.V14I, COSM14209 : c.35_36GT>AC ; p.G12D, COSM20818 : c.57G>T ; p.L19F, COSM219781 : c.39_40insGGC ; p.G13_V14insG, COSM25081 : c.34_35GG>TA ; p.G12Y, COSM34144 : c.34_35GG>AT ; p.G12I, COSM507 : c.24A>G ; p.V8V, COSM510 : c.31G>C ; p.A11P, COSM511 : c.32C>T ; p.A11V, COSM512 : c.34_35GG>TT ; p.G12F, COSM514 : c.34_35GG>CT ; p.G12L, COSM515 : c.35_36GT>TC ; p.G12V, COSM516 : c.34G>T ; p.G12C, COSM517 : c.34G>A ; p.G12S, COSM518 : c.34G>C ; p.G12R, COSM519 : c.35_36GT>AA ; p.G12E, COSM520 : c.35G>T ; p.G12V, COSM521 : c.35G>A ; p.G12D, COSM522 : c.35G>C ; p.G12A, COSM523 : c.36T>C ; p.G12G, COSM524 : c.36T>A ; p.G12G, COSM527 : c.37G>T ; p.G13C, COSM528 : c.37G>A ; p.G13S, COSM529 : c.37G>C ; p.G13R, COSM531 : c.38_39GC>AT ; p.G13D, COSM532 : c.38G>A ; p.G13D, COSM533 : c.38G>C ; p.G13A, COSM534 : c.38G>T ; p.G13V, COSM535 : c.39C>G ; p.G13G, COSM536 : c.39C>T ; p.G13G, COSM537 : c.39C>A ; p.G13G, COSM538 : c.43G>A ; p.G15S, COSM542 : c.53C>A ; p.A18D, COSM543 : c.64C>A ; p.Q22K, COSM87280 : c.38_39GC>AA ; p.G13E, COSM87301 : c.33_34insGGAGCT ; p.A11_G12insGA, COSM36281 : c.34_36GGT>TGG ; p.G12W, COSM513 : c.34_36GGT>TGC ; p.G12C, COSM526 : c.37_39GGC>CGT ; p.G13R, COSM530 : c.38_39GC>TG ; p.G13V, COSM87281 : c.36_37TG>AT ; p.G13C	CHP2_KRAS_1	chpv2-clv2
chr12	25380275	25380285	KRAS	3	COSM28518 : c.176C>G ; p.A59G, COSM546 : c.175G>A ; p.A59T, COSM547 : c.176C>A ; p.A59E, COSM549 : c.181C>A ; p.Q61K, COSM550 : c.181C>G ; p.Q61E, COSM551 : c.182A>C ; p.Q61P, COSM552 : c.182A>G ; p.Q61R, COSM553 : c.182A>T ; p.Q61L, COSM554 : c.183A>C ; p.Q61H, COSM555 : c.183A>T ; p.Q61H, COSM87288 : c.173C>T ; p.T58I, COSM87298 : c.180_181TC>AA ; p.Q61K, COSM12729 : c.180_181TC>CA ; p.Q61K	CHP2_KRAS_2	chpv2-clv2
chr12	25378561	25378647	KRAS	4	COSM19404 : c.436G>A ; p.A146T, COSM19900 : c.437C>T ; p.A146V, COSM19905 : c.436G>C ; p.A146P, COSM19940 : c.351A>C ; p.K117N, COSM28519 : c.351A>T ; p.K117N	CHP2_KRAS_3	chpv2-clv2
chr1	115258730	115258751	NRAS	2	COSM12723 : c.34_35GG>AA ; p.G12N, COSM558 : c.31G>A ; p.A11T, COSM561 : c.34G>C ; p.G12R, COSM562 : c.34G>T ; p.G12C, COSM563 : c.34G>A ; p.G12S, COSM564 : c.35G>A ; p.G12D, COSM565 : c.35G>C ; p.G12A, COSM566 : c.35G>T ; p.G12V, COSM567 : c.36T>C ; p.G12G, COSM569 : c.37G>C ; p.G13R, COSM570 : c.37G>T ; p.G13C, COSM571 : c.37G>A ; p.G13S, COSM573 : c.38G>A ; p.G13D, COSM574 : c.38G>T ; p.G13V, COSM575 : c.38G>C ; p.G13A, COSM576 : c.39T>C ; p.G13G, COSM577 : c.52G>A ; p.A18T, COSM572 : c.38_39GT>TC ; p.G13V	CHP2_NRAS_1	chpv2-clv2
chr1	115256518	115256532	NRAS	3	COSM12725 : c.181_182CA>TT ; p.Q61L, COSM12730 : c.180_181AC>TA ; p.Q61K, COSM28673 : c.179G>A ; p.G60E, COSM30646 : c.182_183AA>TG ; p.Q61L, COSM33693 : c.182_183AA>GG ; p.Q61R, COSM579 : c.181_182CA>AG ; p.Q61R, COSM580 : c.181C>A ; p.Q61K, COSM581 : c.181C>G ; p.Q61E, COSM582 : c.182A>C ; p.Q61P, COSM583 : c.182A>T ; p.Q61L, COSM584 : c.182A>G ; p.Q61R, COSM585 : c.183A>T ; p.Q61H, COSM586 : c.183A>C ; p.Q61H, COSM587 : c.183A>G ; p.Q61Q, COSM589 : c.193A>T ; p.S65C, COSM53223 : c.181_183CAA>AAG ; p.Q61K	CHP2_NRAS_2	chpv2-clv2
chr1	115252204	115252204	NRAS	4	COSM27174 : c.436G>A ; p.A146T	CHP2_NRAS_3	chpv2
chr1	115252204	115252204	NRAS	4	COSM27174 : c.436G>A ; p.A146T	Hotspot_1.17678	clv2
chr7	140481397	140481478	BRAF	11	COSM21492 : c.1357C>A ; p.P453T, COSM447 : c.1385G>T ; p.R462I, COSM449 : c.1391G>A ; p.G464E, COSM450 : c.1391G>T ; p.G464V, COSM451 : c.1397G>T ; p.G466V, COSM453 : c.1397G>A ; p.G466E, COSM457 : c.1405G>A ; p.G469R, COSM458 : c.1405_1406GG>TC ; p.G469S, COSM459 : c.1406G>T ; p.G469V, COSM460 : c.1406G>C ; p.G469A, COSM461 : c.1406G>A ; p.G469E, COSM6262 : c.1330C>T ; p.R444W, COSM1111 : c.1390G>C ; p.G464R, COSM1113 : c.1405_1407GGA>AGC ; p.G469S, COSM24642 : c.1411G>T ; p.V471F, COSM27912 : c.1405_1407GGA>AGT ; p.G469S, COSM452 : c.1397G>C ; p.G466A, COSM455 : c.1405G>C ; p.G469R	CHP2_BRAF_1	chpv2-clv2
chr7	140453112	140453193	BRAF	15	COSM1115 : c.1746A>G ; p.I582M, COSM1116 : c.1749T>C ; p.F583F, COSM1117 : c.1752T>C ; p.L584L, COSM1118 : c.1758A>G ; p.E586E, COSM1119 : c.1776A>G ; p.I592M, COSM1120 : c.1774A>G ; p.I592V, COSM1123 : c.1784T>C ; p.F595S, COSM1124 : c.1791A>G ; p.L597L, COSM1125 : c.1790T>A ; p.L597Q, COSM1126 : c.1789_1790CT>TC ; p.L597S, COSM1128 : c.1797_1797A>TACTACG ; p.T599_V600insTT, COSM1130 : c.1798G>A ; p.V600M, COSM1132 : c.1803A>C ; p.K601N, COSM1133 : c.1799_1801delTGA ; p.V600_K601>E, COSM1134 : c.1810T>G ; p.W604G, COSM1135 : c.1813_1814AG>TT ; p.S605F, COSM1136 : c.1814G>A ; p.S605N, COSM1137 : c.1817G>A ; p.G606E, COSM1138 : c.1823A>G ; p.H608R, COSM144982 : c.1797_1798insACA ; p.T599_V600insT, COSM18443 : c.1799T>C ; p.V600A, COSM21542 : c.1813A>G ; p.S605G, COSM21549 : c.1793C>T ; p.A598V, COSM219798 : c.1798G>C ; p.V600L, COSM249889 : c.1798_1799GT>CA ; p.V600Q, COSM26506 : c.1787G>A ; p.G596D, COSM26625 : c.1794_1795insGTT ; p.A598_T599insV, COSM27639 : c.1780G>A ; p.D594N, COSM28010 : c.1750C>T ; p.L584F, COSM30730 : c.1796_1797insTAC ; p.T599_V600insT, COSM33729 : c.1807C>T ; p.R603*, COSM33808 : c.1798G>T ; p.V600L, COSM462 : c.1742A>G ; p.N581S, COSM463 : c.1756G>A ; p.E586K, COSM466 : c.1781A>T ; p.D594V, COSM467 : c.1781A>G ; p.D594G, COSM468 : c.1785T>G ; p.F595L, COSM469 : c.1786G>C ; p.G596R, COSM470 : c.1789C>G ; p.L597V, COSM471 : c.1790T>G ; p.L597R, COSM472 : c.1796C>T ; p.T599I, COSM473 : c.1798_1799GT>AA ; p.V600K, COSM474 : c.1798_1799GT>AG ; p.V600R, COSM475 : c.1799_1800TG>AA ; p.V600E, COSM476 : c.1799T>A ; p.V600E, COSM477 : c.1799_1800TG>AT ; p.V600D, COSM478 : c.1801A>G ; p.K601E, COSM6137 : c.1799T>G ; p.V600G, COSM6265 : c.1803A>T ; p.K601N, COSM6267 : c.1808_1810delGAT ; p.W604del, COSM1121 : c.1782T>A ; p.D594E, COSM1127 : c.1797_1799AGT>GAG ; p.V600R, COSM21609 : c.1761C>A ; p.D587E, COSM21612 : c.1783T>C ; p.F595L, COSM30594 : c.1801_1803delAAA ; p.K601del, COSM464 : c.1760A>C ; p.D587A, COSM465 : c.1761C>G ; p.D587E, COSM53198 : c.1785T>A ; p.F595L	CHP2_BRAF_2	chpv2-clv2
chr7	55241644	55241722	EGFR	18	COSM12371 : c.2126A>T ; p.E709V, COSM12373 : c.2159C>T ; p.S720F, COSM12988 : c.2125G>A ; p.E709K, COSM13009 : c.2126A>G ; p.E709G, COSM13427 : c.2126A>C ; p.E709A, COSM13979 : c.2170G>A ; p.G724S, COSM18425 : c.2156G>A ; p.G719D, COSM18441 : c.2154_2155GG>TT ; p.G719C, COSM22992 : c.2161G>A ; p.G721S, COSM28508 : c.2104G>T ; p.A702S, COSM28510 : c.2162G>C ; p.G721A, COSM28511 : c.2108T>C ; p.L703P, COSM28601 : c.2135T>C ; p.F712S, COSM41603 : c.2134T>C ; p.F712L, COSM41905 : c.2092G>A ; p.A698T, COSM6239 : c.2156G>C ; p.G719A, COSM6252 : c.2155G>A ; p.G719S, COSM6253 : c.2155G>T ; p.G719C, COSM12428 : c.2125_2127GAA>CAT ; p.E709H	CHP2_EGFR_4	chpv2-clv2
chr7	55242418	55242512	EGFR	19	COSM12367 : c.2237_2254del18 ; p.E746_S752>A, COSM12369 : c.2240_2254del15 ; p.L747_T751del, COSM12370 : c.2240_2257del18 ; p.L747_P753>S, COSM12382 : c.2239_2248TTAAGAGAAG>C ; p.L747_A750>P, COSM12383 : c.2239_2251>C ; p.L747_T751>P, COSM12384 : c.2237_2255>T ; p.E746_S752>V, COSM12386 : c.2237_2252>T ; p.E746_T751>V, COSM12678 : c.2237_2251del15 ; p.E746_T751>A, COSM12728 : c.2236_2253del18 ; p.E746_T751del, COSM13181 : c.2198C>T ; p.P733L, COSM13182 : c.2203G>A ; p.G735S, COSM13184 : c.2236G>A ; p.E746K, COSM13185 : c.2252C>T ; p.T751I, COSM133189 : c.2236_2256del21 ; p.E746_S752del, COSM133197 : c.2239_2257>T ; p.L747_P753>S, COSM133207 : c.2252_2275del24 ; p.T751_I759del, COSM13432 : c.2193G>A ; p.W731*, COSM13556 : c.2253_2276del24 ; p.S752_I759del, COSM17570 : c.2222C>T ; p.P741L, COSM21984 : c.2281G>T ; p.D761Y, COSM23571 : c.2238_2252del15 ; p.L747_T751del, COSM24267 : c.2239_2240TT>CC ; p.L747P, COSM26038 : c.2233_2247del15 ; p.K745_E749del, COSM26509 : c.2227G>A ; p.A743T, COSM26704 : c.2240T>C ; p.L747S, COSM27041 : c.2213T>G ; p.V738G, COSM27042 : c.2282A>G ; p.D761G, COSM28517 : c.2235_2246del12 ; p.E746_E749del, COSM29274 : c.2254T>C ; p.S752P, COSM53194 : c.2197C>T ; p.P733S, COSM6210 : c.2240_2251del12 ; p.L747_T751>S, COSM6218 : c.2239_2247del9 ; p.L747_E749del, COSM6220 : c.2238_2255del18 ; p.E746_S752>D, COSM6223 : c.2235_2249del15 ; p.E746_A750del, COSM6225 : c.2236_2250del15 ; p.E746_A750del, COSM6254 : c.2239_2253del15 ; p.L747_T751del, COSM6255 : c.2239_2256del18 ; p.L747_S752del, COSM6256 : c.2254_2277del24 ; p.S752_I759del, COSM6268 : c.2257C>T ; p.P753S, COSM85993 : c.2260A>G ; p.K754E, COSM96856 : c.2252_2276>A ; p.T751_I759>N, COSM13180 : c.2188C>T ; p.L730F, COSM13183 : c.2225T>C ; p.V742A, COSM13186 : c.2255C>A ; p.S752Y, COSM13188 : c.2281G>A ; p.D761N, COSM14243 : c.2234A>G ; p.K745R, COSM18419 : c.2200G>A ; p.E734K, COSM18442 : c.2241_2244AAGA>CCCG ; p.L747_R748>FP, COSM24869 : c.2235_2252del18 ; p.E746_T751del, COSM6219 : c.2248G>C ; p.A750P	CHP2_EGFR_5	chpv2-clv2
chr7	55248995	55249077	EGFR	20	COSM12377 : c.2319_2320insCAC ; p.H773_V774insH, COSM12378 : c.2310_2311insGGT ; p.D770_N771insG, COSM12427 : c.2308_2309insGTT ; p.D770>GY, COSM13003 : c.2310_2311insAAC ; p.D770_N771insN, COSM13004 : c.2310_2311insGGC ; p.D770_N771insG, COSM13005 : c.2318A>T ; p.H773L, COSM13006 : c.2320G>A ; p.V774M, COSM13007 : c.2335_2336GG>TT ; p.G779F, COSM13189 : c.2351C>T ; p.S784F, COSM13190 : c.2375T>C ; p.L792P, COSM13433 : c.2318A>G ; p.H773R, COSM14068 : c.2308G>A ; p.D770N, COSM22940 : c.2327G>A ; p.R776H, COSM22954 : c.2324G>A ; p.C775Y, COSM26445 : c.2300C>T ; p.A767V, COSM27110 : c.2356G>A ; p.V786M, COSM28513 : c.2350T>C ; p.S784P, COSM28603 : c.2293G>A ; p.V765M, COSM48922 : c.2311_2312insGCGTGGACA ; p.D770_N771insSVD, COSM6226 : c.2326C>T ; p.R776C, COSM6240 : c.2369C>T ; p.T790M, COSM6241 : c.2303G>T ; p.S768I, COSM6242 : c.2305G>T ; p.V769L, COSM12376 : c.2307_2308ins9 ; p.V769_D770insASV, COSM12381 : c.2319_2320ins9 ; p.H773_V774insNPH, COSM13428 : c.2311_2312ins9 ; p.D770_N771insSVD	CHP2_EGFR_6	chpv2
chr7	55248995	55249089	EGFR	20	COSM12377 : c.2319_2320insCAC ; p.H773_V774insH, COSM12378 : c.2310_2311insGGT ; p.D770_N771insG, COSM12427 : c.2308_2309insGTT ; p.D770>GY, COSM13005 : c.2318A>T ; p.H773L, COSM13006 : c.2320G>A ; p.V774M, COSM13007 : c.2335_2336GG>TT ; p.G779F, COSM13189 : c.2351C>T ; p.S784F, COSM13190 : c.2375T>C ; p.L792P, COSM133565 : c.2387G>A ; p.G796D, COSM13433 : c.2318A>G ; p.H773R, COSM14068 : c.2308G>A ; p.D770N, COSM20891 : c.2386G>A ; p.G796S, COSM22940 : c.2327G>A ; p.R776H, COSM22951 : c.2384T>C ; p.F795S, COSM22954 : c.2324G>A ; p.C775Y, COSM26445 : c.2300C>T ; p.A767V, COSM27110 : c.2356G>A ; p.V786M, COSM27568 : c.2387G>C ; p.G796A, COSM28513 : c.2350T>C ; p.S784P, COSM28603 : c.2293G>A ; p.V765M, COSM48922 : c.2311_2312insGCGTGGACA ; p.D770_N771insSVD, COSM6226 : c.2326C>T ; p.R776C, COSM6240 : c.2369C>T ; p.T790M, COSM6241 : c.2303G>T ; p.S768I, COSM6242 : c.2305G>T ; p.V769L	CCP_EGFR_6	clv2
chr7	55249130	55249164	EGFR	20	COSM12986 : c.2429G>A ; p.G810D, COSM13192 : c.2428G>A ; p.G810S, COSM13400 : c.2457G>A ; p.V819V, COSM28610 : c.2441T>C ; p.L814P, COSM41663 : c.2462T>C ; p.I821T	CHP2_EGFR_7	chpv2
chr7	55259514	55259562	EGFR	21	COSM12366 : c.2572C>A ; p.L858M, COSM12374 : c.2582T>G ; p.L861R, COSM12429 : c.2573_2574TG>GT ; p.L858R, COSM12675 : c.2575G>A ; p.A859T, COSM13008 : c.2612C>G ; p.A871G, COSM13197 : c.2590G>A ; p.A864T, COSM13199 : c.2618G>A ; p.G873E, COSM14070 : c.2588G>A ; p.G863D, COSM26129 : c.2572C>T ; p.L858L, COSM26438 : c.2620G>A ; p.G874S, COSM28605 : c.2611G>A ; p.A871T, COSM28607 : c.2603A>G ; p.E868G, COSM33725 : c.2609A>G ; p.H870R, COSM53292 : c.2608C>T ; p.H870Y, COSM6213 : c.2582T>A ; p.L861Q, COSM6224 : c.2573T>G ; p.L858R, COSM13553 : c.2572_2573CT>AG ; p.L858R	CHP2_EGFR_8	chpv2-clv2
chr17	37880993	37881012	ERBB2	20	COSM12552 : c.2326_2327insTTT ; p.G776>VC, COSM12553 : c.2326_2327insTGT ; p.G776>VC, COSM14062 : c.2329G>T ; p.V777L, COSM18609 : c.2327G>T ; p.G776V, COSM26681 : c.2333_2334insGGG ; p.G778_S779insG, COSM35496 : c.2330T>C ; p.V777A, COSM14064 : c.2329G>A ; p.V777M, COSM685 : c.2326G>A ; p.G776S, COSM681 : c.2335_2336ins9 ; p.S779_P780insVGS, COSM682 : c.2322_2323ins12 ; p.M774_A775insAYVM, COSM12556 : c.2340_2341ins9 ; p.P780_Y781insGSP, COSM12558 : c.2325_2326ins12 ; p.A775_G776insYVMA, COSM20959 : c.2324_2325ins12 ; p.A775_G776insYVMA	CHP2_ERBB2_2	chpv2-clv2
chr4	55592185	55592202	KIT	9	COSM1326 : c.1509_1510insGCCTAT ; p.Y503_F504insAY, COSM96885 : c.1526A>T ; p.K509I	CHP2_KIT_2	chpv2
chr4	55593585	55593689	KIT	11	COSM1169 : c.1651_1665del15 ; p.P551_V555del, COSM1177 : c.1653_1670del18 ; p.M552_W557del, COSM1179 : c.1654_1659delATGTAT ; p.M552_Y553del, COSM1180 : c.1654_1671del18 ; p.M552_W557del, COSM1181 : c.1654_1662del9 ; p.M552_E554del, COSM1183 : c.1654A>C ; p.M552L, COSM1187 : c.1656_1670del15 ; p.Y553_W557del, COSM1189 : c.1657_1668del12 ; p.Y553_Q556del, COSM1190 : c.1657_1674del18 ; p.Y553_K558del, COSM1192 : c.1660_1674del15 ; p.E554_K558del, COSM1194 : c.1662_1685del24 ; p.V555_E562del, COSM1198 : c.1663_1677del15 ; p.V555_V559del, COSM1199 : c.1663_1674del12 ; p.V555_K558del, COSM1200 : c.1663_1713del51 ; p.V555_I571del, COSM1201 : c.1663_1668delGTACAG ; p.V555_Q556del, COSM1202 : c.1663_1680del18 ; p.V555_V560del, COSM1203 : c.1663_1719del57 ; p.V555_P573del, COSM1204 : c.1666_1680del15 ; p.Q556_V560del, COSM1205 : c.1666_1728del63 ; p.Q556_L576del, COSM1210 : c.1667_1672delAGTGGA ; p.W557_K558del, COSM1211 : c.1668_1673delGTGGAA ; p.W557_K558del, COSM1213 : c.1668_1679del12 ; p.Q556_V560>H, COSM1216 : c.1669T>A ; p.W557R, COSM1217 : c.1669_1674delTGGAAG ; p.W557_K558del, COSM1218 : c.1669_1677del9 ; p.W557_V559del, COSM1219 : c.1669T>C ; p.W557R, COSM1220 : c.1669_1671delTGG ; p.W557del, COSM1221 : c.1669T>G ; p.W557G, COSM1223 : c.1669_1680del12 ; p.W557_V560del, COSM1226 : c.1670_1675delGGAAGG ; p.W557_V559>F, COSM1227 : c.1670G>C ; p.W557S, COSM1229 : c.1670_1717del48 ; p.W557_P573>S, COSM1232 : c.1671_1679del9 ; p.W557_V560>C, COSM1233 : c.1671_1676delGAAGGT ; p.W557_V559>C, COSM1234 : c.1672_1680del9 ; p.K558_V560del, COSM1235 : c.1672_1677delAAGGTT ; p.K558_V559del, COSM1238 : c.1672_1692del21 ; p.K558_N564del, COSM1239 : c.1672_1686del15 ; p.K558_E562del, COSM1241 : c.1673_1678delAGGTTG ; p.K558_V560>I, COSM1243 : c.1674G>A ; p.K558K, COSM1245 : c.1674_1674G>TCCT ; p.K558>NP, COSM1247 : c.1675_1677delGTT ; p.V559del, COSM1248 : c.1675_1680delGTTGTT ; p.V559_V560del, COSM1249 : c.1675_1695del21 ; p.V559_G565del, COSM1250 : c.1675_1683del9 ; p.V559_E561del, COSM1251 : c.1675G>A ; p.V559I, COSM1252 : c.1676T>A ; p.V559D, COSM1253 : c.1676T>G ; p.V559G, COSM1254 : c.1676_1684del9 ; p.V559_E561del, COSM1255 : c.1676T>C ; p.V559A, COSM1256 : c.1678_1680delGTT ; p.V560del, COSM1257 : c.1679T>A ; p.V560D, COSM1258 : c.1679_1681delTTG ; p.V560del, COSM1260 : c.1679T>G ; p.V560G, COSM1264 : c.1681G>A ; p.E561K, COSM1265 : c.1683G>A ; p.E561E, COSM1270 : c.1690_1728del39 ; p.N564_L576del, COSM1273 : c.1696A>G ; p.N566D, COSM1275 : c.1698C>T ; p.N566N, COSM1277 : c.1702T>G ; p.Y568D, COSM1285 : c.1708_1728del21 ; p.Y570_L576del, COSM1289 : c.1726_1728delCTT ; p.L576del, COSM1290 : c.1727T>C ; p.L576P, COSM1293 : c.1729C>T ; p.P577S, COSM1294 : c.1735_1737delGAT ; p.D579del, COSM1297 : c.1751T>C ; p.F584S, COSM1299 : c.1755C>T ; p.P585P, COSM1327 : c.1654_1668del15 ; p.M552_Q556del, COSM1328 : c.1655_1672del18 ; p.M552_W557del, COSM1329 : c.1661_1675del15 ; p.E554_K558del, COSM1330 : c.1667_1681del15 ; p.W557_E561del, COSM1332 : c.1669_1683del15 ; p.W557_E561del, COSM1333 : c.1679_1680TT>AG ; p.V560E, COSM1334 : c.1702_1722del21 ; p.Y568_T574del, COSM133754 : c.1711_1728del18 ; p.I571_L576del, COSM133763 : c.1657T>A ; p.Y553N, COSM133764 : c.1663G>A ; p.V555I, COSM17944 : c.1660G>A ; p.E554K, COSM17946 : c.1684G>A ; p.E562K, COSM18896 : c.1673_1687del15 ; p.K558_E562del, COSM19029 : c.1701T>A ; p.N567K, COSM19310 : c.1669_1674delTGGAAG ; p.W557_K558del, COSM21976 : c.1673_1674insTCC ; p.K558>NP, COSM21978 : c.1671_1673GAA>TCC ; p.W557_K558>CP, COSM22275 : c.1658_1720del63 ; p.Y553_T574>S, COSM23418 : c.?_?del? ; p.Q556_K558del, COSM23560 : c.1690_1734del45 ; p.N564_Y578del, COSM24748 : c.1669_1672TGGA>G ; p.W557_K558>E, COSM27069 : c.1674_1679delGGTTGT ; p.K558_V560>N, COSM27909 : c.1656_1673del18 ; p.Y553_K558>, COSM28637 : c.1672_1676AAGGT>TCTTC ; p.K558_V559>SS, COSM29015 : c.1673A>G ; p.K558R, COSM29442 : c.1687_1728del42 ; p.I563_L576del, COSM30551 : c.1672A>G ; p.K558E, COSM33965 : c.1652C>T ; p.P551L, COSM33966 : c.1726C>T ; p.L576F, COSM36293 : c.1678_1728del51 ; p.V560_L576del, COSM36305 : c.1745G>A ; p.W582*, COSM36311 : c.1655_1660delTGTATG ; p.M552_E554>K, COSM36313 : c.1746G>A ; p.W582*, COSM96868 : c.1655_1666del12 ; p.M552_Q556>K, COSM96883 : c.1718C>T ; p.P573L, COSM96888 : c.1714G>A ; p.D572N	CHP2_KIT_4	chpv2
chr4	55594221	55594258	KIT	13	COSM12706 : c.1961T>C ; p.V654A, COSM1304 : c.1924A>G ; p.K642E, COSM25064 : c.1928T>C ; p.V643A	CHP2_KIT_5	chpv2
chr4	55599307	55599348	KIT	17	COSM12709 : c.2460T>A ; p.D820E, COSM12710 : c.2458G>T ; p.D820Y, COSM12711 : c.2447A>G ; p.D816G, COSM1310 : c.2446G>T ; p.D816Y, COSM1311 : c.2446G>C ; p.D816H, COSM1312 : c.2446_2447GA>TT ; p.D816F, COSM1314 : c.2447A>T ; p.D816V, COSM1315 : c.2453A>G ; p.K818R, COSM1316 : c.2459A>G ; p.D820G, COSM1317 : c.2459A>T ; p.D820V, COSM1321 : c.2466T>A ; p.N822K, COSM1322 : c.2466T>G ; p.N822K, COSM1323 : c.2474T>C ; p.V825A, COSM18681 : c.2467T>G ; p.Y823D, COSM18682 : c.2468A>G ; p.Y823C, COSM19109 : c.2464A>T ; p.N822Y, COSM19110 : c.2473G>A ; p.V825I, COSM19285 : c.2448C>G ; p.D816E, COSM21979 : c.2446_2447GA>AT ; p.D816I, COSM22379 : c.2458G>C ; p.D820H, COSM27910 : c.2433T>C ; p.F811F	CHP2_KIT_8	chpv2
chr4	55141013	55141066	PDGFRA	12	COSM12417 : c.1697_1711del15 ; p.S566_E571>K, COSM12418 : c.1698_1712del15 ; p.S566_E571>R, COSM21973 : c.1659_1664delGAGGTA ; p.R554_Y555del, COSM28053 : c.1694_1695insA ; p.S566fs*6, COSM739 : c.1682T>A ; p.V561D, COSM741 : c.1678_1692del15 ; p.R560_S564del	CHP2_PDGFRA_1	chpv2
chr4	55152040	55152109	PDGFRA	18	COSM12396 : c.2524G>T ; p.D842Y, COSM12397 : c.2524_2526GAC>TAT ; p.D842Y, COSM12398 : c.2524_2525GA>AT ; p.D842I, COSM12399 : c.2536G>T ; p.D846Y, COSM12400 : c.2527_2538del12 ; p.I843_D846del, COSM12401 : c.2524_2532del9 ; p.D842_M844del, COSM12402 : c.2530_2541del12 ; p.M844_S847del, COSM12405 : c.2521_2526delAGAGAC ; p.R841_D842del, COSM12406 : c.2524_2526delGAC ; p.D842del, COSM12407 : c.2528_2539del12 ; p.I843_S847>T, COSM12408 : c.2526_2538>G ; p.D842_D846>E, COSM12411 : c.2524_2536>A ; p.D842_D846>N, COSM22413 : c.2472C>T ; p.V824V, COSM736 : c.2525A>T ; p.D842V, COSM737 : c.2524_2535del12 ; p.D842_H845del, COSM96892 : c.2526_2537del12 ; p.I843_D846del	CHP2_PDGFRA_4	chpv2
chr3	41266040	41266141	CTNNB1	3	COSM13168 : c.104T>C ; p.I35T, COSM13175 : c.138G>A ; p.L46L, COSM14256 : c.73_96del24 ; p.WQQQSYLD25?, COSM17661 : c.130C>G ; p.P44A, COSM17941 : c.67A>G ; p.S23G, COSM22566 : c.64G>A ; p.V22I, COSM27378 : c.107A>G ; p.H36R, COSM29289 : c.125_126delCA ; p.T42fs*7, COSM34125 : c.90C>G ; p.Y30*, COSM49161 : c.43G>A ; p.E15K, COSM5661 : c.94G>T ; p.D32Y, COSM5662 : c.110C>T ; p.S37F, COSM5663 : c.133T>C ; p.S45P, COSM5664 : c.121A>G ; p.T41A, COSM5666 : c.110C>A ; p.S37Y, COSM5667 : c.134C>T ; p.S45F, COSM5668 : c.94G>C ; p.D32H, COSM5669 : c.98C>T ; p.S33F, COSM5670 : c.101G>T ; p.G34V, COSM5671 : c.101G>A ; p.G34E, COSM5672 : c.94G>A ; p.D32N, COSM5673 : c.98C>A ; p.S33Y, COSM5674 : c.104T>G ; p.I35S, COSM5675 : c.109T>G ; p.S37A, COSM5676 : c.122C>T ; p.T41I, COSM5677 : c.98C>G ; p.S33C, COSM5678 : c.107A>C ; p.H36P, COSM5679 : c.110C>G ; p.S37C, COSM5681 : c.95A>G ; p.D32G, COSM5682 : c.97T>C ; p.S33P, COSM5683 : c.97T>G ; p.S33A, COSM5684 : c.100G>C ; p.G34R, COSM5685 : c.133T>G ; p.S45A, COSM5686 : c.100G>A ; p.G34R, COSM5687 : c.109T>C ; p.S37P, COSM5688 : c.121A>C ; p.T41P, COSM5689 : c.134C>G ; p.S45C, COSM5690 : c.95A>C ; p.D32A, COSM5691 : c.95A>T ; p.D32V, COSM5692 : c.134C>A ; p.S45Y, COSM5694 : c.86C>T ; p.S29F, COSM5696 : c.125C>T ; p.T42I, COSM5699 : c.128C>T ; p.A43V, COSM5701 : c.122C>G ; p.T41S, COSM5702 : c.59C>T ; p.A20V, COSM5703 : c.106C>T ; p.H36Y, COSM5704 : c.130C>T ; p.P44S, COSM5706 : c.65T>C ; p.V22A, COSM5708 : c.119C>T ; p.T40I, COSM5713 : c.113G>A ; p.G38D, COSM5714 : c.67A>C ; p.S23R, COSM5716 : c.121A>T ; p.T41S, COSM5717 : c.123C>T ; p.T41T, COSM5721 : c.91C>T ; p.L31L, COSM5730 : c.122C>A ; p.T41N, COSM5732 : c.125C>G ; p.T42R, COSM5738 : c.61G>A ; p.A21T, COSM5744 : c.127G>C ; p.A43P, COSM5747 : c.37G>A ; p.A13T, COSM5749 : c.74G>T ; p.W25L, COSM5753 : c.116C>G ; p.A39G, COSM5758 : c.127G>A ; p.A43T, COSM5761 : c.131C>T ; p.P44L, COSM5762 : c.115G>A ; p.A39T, COSM6050 : c.64_114del51 ; p.V22_G38del, COSM6052 : c.64_99del36 ; p.V22_S33del, COSM6057 : c.67_99del33 ; p.S23_S33del, COSM6064 : c.74_97del24 ; p.W25_D32del, COSM6076 : c.88_99del12 ; p.Y30_S33del, COSM6098 : c.97_98TC>CT ; p.S33L, COSM6099 : c.97_98TC>AA ; p.S33N, COSM6140 : c.120T>C ; p.T40T, COSM24746 : c.112_114GGT>CCC ; p.G38P	CHP2_CTNNB1_1	chpv2-clv2
chr2	209113106	209113192	IDH1	4	COSM28746 : c.395G>A ; p.R132H, COSM28747 : c.394C>T ; p.R132C, COSM28748 : c.394C>A ; p.R132S, COSM28749 : c.394C>G ; p.R132G, COSM28750 : c.395G>T ; p.R132L, COSM86993 : c.395_396GT>AC ; p.R132H, COSM242544 : c.356G>A ; p.R119Q, COSM28751 : c.394_395CG>GT ; p.R132V, COSM51542 : c.368G>A ; p.G123E, COSM96532 : c.390A>G ; p.I130M, COSM96533 : c.399T>A ; p.H133Q, COSM96534 : c.401C>A ; p.A134D, COSM96922 : c.367G>A ; p.G123R, COSM97049 : c.347A>G ; p.N116S, COSMNOCOSMIC105 : c.315C>T ; p.G105G	CHP2_IDH1_1	chpv2
chr15	90631837	90631938	IDH2	4	COSM133672 : c.516G>C ; p.R172S, COSM33731 : c.514A>G ; p.R172G, COSM33732 : c.515G>T ; p.R172M, COSM33733 : c.515G>A ; p.R172K, COSM34039 : c.514A>T ; p.R172W, COSM34090 : c.516G>T ; p.R172S, COSM41590 : c.419G>A ; p.R140Q, COSM41875 : c.419G>T ; p.R140L, COSM41877 : c.418C>T ; p.R140W, COSM227366 : c.415A>T ; p.I139F, COSM86959 : c.472C>A ; p.P158T, COSM86960 : c.512G>A ; p.G171D	CHP2_IDH2_1	chpv2
chr22	24133967	24134006	SMARCB1	2	COSM1002 : c.118C>T ; p.R40*, COSM24595 : c.157C>T ; p.R53*, COSM991 : c.141C>A ; p.Y47*	CHP2_SMARCB1_1	chpv2
chr22	24143240	24143240	SMARCB1	4	COSM992 : c.472C>T ; p.R158*	CHP2_SMARCB1_2	chpv2
chr22	24145582	24145582	SMARCB1	5	COSM993 : c.601C>T ; p.R201*	CHP2_SMARCB1_3	chpv2
chr22	24176339	24176357	SMARCB1	9	COSM1057 : c.1148delC ; p.P383fs, COSM1060 : c.1144delG ; p.A382fs*4, COSM29382 : c.1143delG ; p.A382fs*5, COSM29495 : c.1145delC ; p.P383fs*4, COSM989 : c.1130G>A ; p.R377H	CHP2_SMARCB1_4	chpv2
chr7	116411883	116411990	MET	14	COSM707 : c.3029C>T ; p.T1010I, COSM49015 : c.2942-20del22 ; p.?, COSMNOCOSMIC988 : c.2962C>T ; p.R988C	CHP2_MET_4	chpv2-clv2
chr7	116417463	116417519	MET	16	COSM696 : c.3334C>T ; p.H1112Y, COSM703 : c.3335A>G ; p.H1112R, COSM201908 : c.3350A>G ; p.D1117G, COSM697 : c.3370C>G ; p.H1124D, COSM698 : c.3335A>T ; p.H1112L, COSM701 : c.3390G>A ; p.L1130L, COSM702 : c.3352A>T ; p.N1118Y	CHP2_MET_5	chpv2-clv2
chr7	116423413	116423474	MET	19	COSM691 : c.3803T>C ; p.M1268T, COSM699 : c.3743A>G ; p.Y1248C, COSM700 : c.3757T>G ; p.Y1253D, COSM690 : c.3742T>C ; p.Y1248H	CHP2_MET_6	chpv2-clv2
chr2	29443584	29443697	ALK	23	COSM144250 : c.3604G>A ; p.G1202R, COSM144251 : c.3617C>A ; p.S1206Y, COSM28054 : c.3520T>G ; p.F1174V, COSM28055 : c.3522C>A ; p.F1174L, COSM28057 : c.3520T>C ; p.F1174L, COSM28059 : c.3521T>G ; p.F1174C, COSM28061 : c.3522C>G ; p.F1174L, COSM28491 : c.3520T>A ; p.F1174I, COSM28495 : c.3633C>A ; p.T1211T, COSM99137 : c.3586C>A ; p.L1196M	Hotspot_3.51716	clv2
chr2	29443631	29443697	ALK	23	COSM28054 : c.3520T>G ; p.F1174V, COSM28055 : c.3522C>A ; p.F1174L, COSM28057 : c.3520T>C ; p.F1174L, COSM28059 : c.3521T>G ; p.F1174C, COSM28061 : c.3522C>G ; p.F1174L, COSM28491 : c.3520T>A ; p.F1174I, COSM99137 : c.3586C>A ; p.L1196M	CHP2_ALK_1	chpv2
chr2	29432664	29432664	ALK	25	COSM28056 : c.3824G>A ; p.R1275Q	Hotspot_2.61436	clv2
chr2	29432664	29432664	ALK	25	COSM28056 : c.3824G>A ; p.R1275Q	CHP2_ALK_2	chpv2