Gene	Accession_number	COSMIC_id	CDS_mut_syntax	AA_mut_syntax	Strand	HG19_coordinates	Amplicon_id	Insert	Target_url	chpv2-clv2
ABL1	NM_005157	12560	c.944C>T	p.T315I	+	9:133748283-133748283	CHP2_ABL1_3	TCACTGAGTTCATGACCTACGGGAACCTCCTGGACTACCTGAGGGAGTGCAACCGGCAGGAGGTGAACGCCGTGGTGCTGCTGTACATGGCCACTCAGATCTCGTCAGCCATGGAGTACCTGGAGAAGAAAAACTTCA	http://www.sanger.ac.uk/perl/genetics/CGP/cosmic?action=mut_summary&id=12560	chpv2
AKT1	NM_001014432	33765	c.49G>A	p.E17K	-	14:105246551-105246551	CHP2_AKT1_1	GGGGAGCCTCACGTTGGTCCACATCCTGCGGCCGCTCCTTGTAGCCAATGAAGGTGCCATCATTCTTGAGGAGGAAGTAGCGTGGCCGCCAGGTCTTGATGTACTCCCCTACAGACGTGCGGGTGGTGAGAGCCACGC	http://www.sanger.ac.uk/perl/genetics/CGP/cosmic?action=mut_summary&id=33765	chpv2-clv2
ALK	NM_004304	144250	c.3604G>A	p.G1202R	-	2:29443613-29443613	Hotspot_3.51716	GGGCGAGGGCGGGTCTCTCGGAGGAAGGACTTGAGGTCTCCCCCCGCCATGAGCTCCAGCAGGATGAACCGGGGCAGGGATTGCAGGCTCACCCCAATGCAGCGAACAATGTTCTGGTGGTTGAATTTGC	http://www.sanger.ac.uk/perl/genetics/CGP/cosmic?action=mut_summary&id=144250	clv2
APC	NM_000038	13113	c.3927_3931delAAAGA	p.E1309fs*4	+	5:112175218-112175222	CHP2_APC_3	GATGAAATAGGATGTAATCAGACGACACAGGAAGCAGATTCTGCTAATACCCTGCAAATAGCAGAAATAAAAGAAAAGATTGGAACTAGGTCAGCTGAAGATCCTGTGAGCGAAGTTCCAGCAGT	http://www.sanger.ac.uk/perl/genetics/CGP/cosmic?action=mut_summary&id=13113	chpv2
ATM	NM_000051	12791	c.7996A>G	p.T2666A	+	11:108204681-108204681	CHP2_ATM_11	CCAGCCAATTACTAAACTTAAGAATTTAGAAGATGTTGTTGTCCCTACTA	http://www.sanger.ac.uk/perl/genetics/CGP/cosmic?action=mut_summary&id=12791	chpv2
BRAF	NM_004333	1112	c.1396G>C	p.G466R	-	7:140481412-140481412	CHP2_BRAF_1	GTAGACTGTTCCAAATGATCCAGATCCAATTCTTTGTCCCACTGTAATCTGCCCATCAGGAATCTCCCAATCATCACTCGAGTCCCGTCTACCAAGTGTTTTCTTGATAAAAACAGTAAAAAAG	http://www.sanger.ac.uk/perl/genetics/CGP/cosmic?action=mut_summary&id=1112	chpv2-clv2
CDH1	NM_004360.2	19747	c.1057G>T	p.E353*	+	16:68846086-68846086	CHP2_CDH1_2	GATCTCTCTGCAGAGTTTCCCTACGTATACCCTGGTGGTTCAAGCTGCTGACCTTCAAGGTGAGGGGTTAAGCACAACAGCAACAGCTGTGATCACAGTCACTGACACCAACGATAATCCTCCGATC	http://www.sanger.ac.uk/perl/genetics/CGP/cosmic?action=mut_summary&id=19747	chpv2
CDKN2A	NM_000077	12468	c.236C>T	p.T79I	-	9:21971122-21971122	CHP2_CDKN2A_1	GCCCTCCCGGGCAGCGTCGTGCACGGGTCGGGTGAGAGTGGCGGGGTCGGCGCAGTTGGGCTCCGCGCCGTGGAGCAGCAGCAGCTCCGCCACTCGGGCGCTGCCCATCATCATGACCTGCCAGAGAGA	http://www.sanger.ac.uk/perl/genetics/CGP/cosmic?action=mut_summary&id=12468	chpv2
CDKN2A_ENST00000361570	ENST00000361570_v62	99935	c.404C>T	p.P135L	-	9:21971120-21971120	CHP2_CDKN2A_1	GCCCTCCCGGGCAGCGTCGTGCACGGGTCGGGTGAGAGTGGCGGGGTCGGCGCAGTTGGGCTCCGCGCCGTGGAGCAGCAGCAGCTCCGCCACTCGGGCGCTGCCCATCATCATGACCTGCCAGAGAGA	http://www.sanger.ac.uk/perl/genetics/CGP/cosmic?action=mut_summary&id=99935	chpv2
CDKN2A_ENST00000446177	ENST00000446177	99191	c.238C>T	p.R80*	-	9:21971120-21971120	CHP2_CDKN2A_1	GCCCTCCCGGGCAGCGTCGTGCACGGGTCGGGTGAGAGTGGCGGGGTCGGCGCAGTTGGGCTCCGCGCCGTGGAGCAGCAGCAGCTCCGCCACTCGGGCGCTGCCCATCATCATGACCTGCCAGAGAGA	http://www.sanger.ac.uk/perl/genetics/CGP/cosmic?action=mut_summary&id=99191	chpv2
CSF1R	NM_005211	946	c.902T>A	p.L301*	-	5:149453044-149453044	CHP2_CSF1R_1	CCCCTCCCCCACGGTCACCTCCTGGATGAGGTTCTGCTCAGAGCTCAAGTTCAAGTAGGCACTCTCTGGAAAGCAGAACACA	http://www.sanger.ac.uk/perl/genetics/CGP/cosmic?action=mut_summary&id=946	chpv2
CTNNB1	NM_001904	13168	c.104T>C	p.I35T	+	3:41266107-41266107	CHP2_CTNNB1_1	GTTGGACATGGCCATGGAACCAGACAGAAAAGCGGCTGTTAGTCACTGGCAGCAACAGTCTTACCTGGACTCTGGAATCCATTCTGGTGCCACTACCACAGCTCCTTCTCTGAGTGGT	http://www.sanger.ac.uk/perl/genetics/CGP/cosmic?action=mut_summary&id=13168	chpv2-clv2
DDR2	NM_006182	12821	c.313C>A	p.R105S	+	1:162724541-162724541	ON_DDR2_2	CCCTCCATTTTATCACTCTGGTGGGGACCCAGGGGCGCCATGCAGGAGGTCATGGCATCGAGTTTGCCCCCATGTACAAGATCAATTACAGTCGGGATGGCACTCGCTGGATCTCTTGGCGGAACC	http://www.sanger.ac.uk/perl/genetics/CGP/cosmic?action=mut_summary&id=12821	clv2
DDR2_ENST00000367922	ENST00000367922	140388	c.691C>A	p.Q231K	+	1:162729605-162729605	ON_DDR2_3	GGCTAGGCCAATTGACCGATGGTGTGTCTGGCCTGGACGATTTCACCCAGACCCATGAATACCACGTGTGGCCCGGCTATGACTATGTGGGCTGGCGGAACGAGAGTGCC	http://www.sanger.ac.uk/perl/genetics/CGP/cosmic?action=mut_summary&id=140388	clv2
EGFR	NM_005228	12366	c.2572C>A	p.L858M	+	7:55259514-55259514	CHP2_EGFR_8	TTTGGGCTGGCCAAACTGCTGGGTGCGGAAGAGAAAGAATACCATGCAGAAGGAGGCAAAGTAAGGAGGTGGCTTTAGGTCAGCCAGCATTTTCCTGACACCAGGGACCAGGCTGCCTTCC	http://www.sanger.ac.uk/perl/genetics/CGP/cosmic?action=mut_summary&id=12366	chpv2-clv2
ERBB2	NM_004448	12552	c.2326_2327insTTT	p.G776>VC	+	17:37880997-37880998	CHP2_ERBB2_2	CCTCTCAGCGTACCCTTGTCCCCAGGAAGCATACGTGATGGCTGGTGTGGGCTCCCCATATGTCTCCCGCCTTCTGGGCATCTGCCTGACATCCACGGTGCAGCTGGT	http://www.sanger.ac.uk/perl/genetics/CGP/cosmic?action=mut_summary&id=12552	chpv2-clv2
ERBB4	NM_005235	108015	c.2806G>A	p.G936R	-	2:212288940-212288940	CHP2_ERBB4_8	AATAGTGCAGATGGGAGGCTGAGGCAAACGTTCTCCTTTCTCTAATAAATCAGGGATTTCTCGCGTTGGAATTCCATCATAGGGTT	http://www.sanger.ac.uk/perl/genetics/CGP/cosmic?action=mut_summary&id=108015	chpv2-clv2
EZH2	NM_004456.3	37028	c.1937A>T	p.Y646F	-	7:148508727-148508727	CHP2_EZH2_1	AGTGCCTTACCTCTCCACAGTATTCTGAGATGAATTCATTTTTCTGCACAGGATCTTTGATAAAAATCCCCCAGCCTGCCACGTC	http://www.sanger.ac.uk/perl/genetics/CGP/cosmic?action=mut_summary&id=37028	chpv2
EZH2_ENST00000350995	ENST00000350995	139744	c.1804T>A	p.Y602N	-	7:148508728-148508728	CHP2_EZH2_1	AGTGCCTTACCTCTCCACAGTATTCTGAGATGAATTCATTTTTCTGCACAGGATCTTTGATAAAAATCCCCCAGCCTGCCACGTC	http://www.sanger.ac.uk/perl/genetics/CGP/cosmic?action=mut_summary&id=139744	chpv2
FBXW7	NM_033632.1	133115	c.1393_1394CG>TA	p.R465Y	-	4:153249384-153249385	CHP2_FBXW7_3	TTACCTTTTTTCATGAAGATGCATACAACGCACAGTGGAAGTATGCCCATATAAGGTGTGTATACATTCTCCAGTCTCTGCATTCCACACTTTGAGTGTCCGATCTGTAGATCCACTAATGA	http://www.sanger.ac.uk/perl/genetics/CGP/cosmic?action=mut_summary&id=133115	chpv2-clv2
FBXW7_ENST00000281708	ENST00000281708	108572	c.1513C>T	p.R505C	-	4:153247289-153247289	CHP2_FBXW7_4	TTGAACACAGCGGACTGCTGCAACATGACCCATCAAAACATGTAAACACTGGCCTGTCTCAATATCCCAAACCCTAAGAGTGGCATCTCGAG	http://www.sanger.ac.uk/perl/genetics/CGP/cosmic?action=mut_summary&id=108572	chpv2
FBXW7_ENST00000534231	ENST00000534231	108571	c.796C>T	p.R266C	-	4:153247289-153247289	CHP2_FBXW7_4	TTGAACACAGCGGACTGCTGCAACATGACCCATCAAAACATGTAAACACTGGCCTGTCTCAATATCCCAAACCCTAAGAGTGGCATCTCGAG	http://www.sanger.ac.uk/perl/genetics/CGP/cosmic?action=mut_summary&id=108571	chpv2-clv2
FBXW7_NM_018315_2	NM_018315.2	117308	c.1154G>A	p.R385H	-	4:153249384-153249384	CHP2_FBXW7_3	TTACCTTTTTTCATGAAGATGCATACAACGCACAGTGGAAGTATGCCCATATAAGGTGTGTATACATTCTCCAGTCTCTGCATTCCACACTTTGAGTGTCCGATCTGTAGATCCACTAATGA	http://www.sanger.ac.uk/perl/genetics/CGP/cosmic?action=mut_summary&id=117308	chpv2-clv2
FGFR1	NM_000604	12834	c.754C>A	p.P252T	-	8:38282209-38282209	CHP2_FGFR1_2	CTCCACGTTGCTACCCAGGGCCACTGTTTTGTTGGCGGGCAACCCTGCTTGCAGGATGGGCCGGTGAGGGGACCGCTCTGTGGAAGATGGGAGAGGAGGCACTTGTCATGGGGA	http://www.sanger.ac.uk/perl/genetics/CGP/cosmic?action=mut_summary&id=12834	chpv2-clv2
FGFR2	NM_000141.2	36901	c.929A>G	p.K310R	-	10:123279503-123279503	CHP2_FGFR2_2	AAATCAAAGAACCTGTGGCCAAACCCATGAAGGAGACCCCAGTTGTGGGTACCTTTAGATTCAGAAAGTCCTCACCTTGAGAACCTTGAGGTAGGGCAGCCCGTCGGGCCCGTATTTACTGCCGTTC	http://www.sanger.ac.uk/perl/genetics/CGP/cosmic?action=mut_summary&id=36901	chpv2-clv2
FGFR3	NM_000142	17461	c.1111A>T	p.S371C	+	4:1806092-1806092	CHP2_FGFR3_2	CGAGGCGGGCAGTGTGTATGCAGGCATCCTCAGCTACGGGGTGGGCTTCTTCCTGTTCATCCTGGTGGTGGCGGCTGTGACGCTCTGCCGCCTGCGCAGCCCCCCC	http://www.sanger.ac.uk/perl/genetics/CGP/cosmic?action=mut_summary&id=17461	chpv2-clv2
FLT3	NM_004119	158601	c.1782_1783insTCAGATAATGAGTACTTCTACGTTGATTTC	p.F594_R595insSDNEYFYVDF	-	13:28608273-28608274	CHP2_FLT3_2	AATTTTCTCTTGGAAACTCCCATTTGAGATCATATTCATATTCTCTGAAATCAACGTAGAAGTACTCATTATCTGAGGAGCCGGTCACCTGTACCATCTGTAGCTGGCTTTCATACCTAAA	http://www.sanger.ac.uk/perl/genetics/CGP/cosmic?action=mut_summary&id=158601	chpv2
GNA11	NM_002067.1	52969	c.626A>T	p.Q209L	+	19:3118942-3118942	CHP2_GNA11_1	GGGCGCCAGGTGGCTGAGTCCTGGCGCTGTGTCCTTTCAGGATGGTGGATGTGGGGGGCCAGCGGTCGGAGCGGAGGAAGTGGATCCACTGC	http://www.sanger.ac.uk/perl/genetics/CGP/cosmic?action=mut_summary&id=52969	chpv2
GNAQ	NM_002072.2	28757	c.626A>T	p.Q209L	-	9:80409488-80409488	CHP2_GNAQ_1	TACCTCATTGTCTGACTCCACGAGAACTTGATCATATTCACTAAGCGCTACTAGAAACATGATAGAGGTGACATTTTCAAAGCAGTGTATCCATTTTCTTCTCTCTGACCTTTGGCCCCCTAC	http://www.sanger.ac.uk/perl/genetics/CGP/cosmic?action=mut_summary&id=28757	chpv2
GNAS	NM_000516.3	27887	c.601C>T	p.R201C	+	20:57484420-57484420	CHP2_GNAS_1	TGTTTCAGGACCTGCTTCGCTGCCGTGTCCTGACTTCTGGAATCTTTGAGACCAAGTTCCAGGTGGACAAAGTCAACTTCCAGTAAGCCAACTGTTACCTTTTTATAT	http://www.sanger.ac.uk/perl/genetics/CGP/cosmic?action=mut_summary&id=27887	chpv2
GNAS	NM_000516	NOCOSMIC227	c.679C>G	p.Q227E	+	20:57484595-57484595	CHP2_GNAS_2	TCCTCCCCACCAGCATGTTTGACGTGGGTGGCCAGCGCGATGAACGCCGCAAGTGGATCCAGTGCTTCAACGGTAGGATGCTGTGGGCTTGGCTGTTCGTAAAGAACGCT	NA	chpv2
GNAS_ENST00000371100	ENST00000371100	123397	c.2530C>T	p.R844C	+	20:57484420-57484420	CHP2_GNAS_1	TGTTTCAGGACCTGCTTCGCTGCCGTGTCCTGACTTCTGGAATCTTTGAGACCAAGTTCCAGGTGGACAAAGTCAACTTCCAGTAAGCCAACTGTTACCTTTTTATAT	http://www.sanger.ac.uk/perl/genetics/CGP/cosmic?action=mut_summary&id=123397	chpv2
HNF1A	NM_000545.3	21471	c.617G>T	p.W206L	+	12:121431413-121431413	CHP2_HNF1A_1	TGAGCTACCAACCAAGAAGGGGCGGAGGAACCGTTTCAAGTGGGGCCCAGCATCCCAGCAGATCCTGTTCCAGGCCTATGAGAGGCAG	http://www.sanger.ac.uk/perl/genetics/CGP/cosmic?action=mut_summary&id=21471	chpv2
HRAS	NM_005343	249860	c.81T>C	p.H27H	-	11:534242-534242	CHP2_HRAS_1	GGGGTCGTATTCGTCCACAAAATGGTTCTGGATCAGCTGGATGGTCAGCGCACTCTTGCCCACACCGCCGGCGCCCACCACCACCAGC	http://www.sanger.ac.uk/perl/genetics/CGP/cosmic?action=mut_summary&id=249860	chpv2
HRAS_ENST00000397594	ENST00000397594	123649	c.181C>A	p.Q61K	-	11:533875-533875	CHP2_HRAS_2	CACACACAGGAAGCCCTCCCCGGTGCGCATGTACTGGTCCCGCATGGCGCTGTACTCCTCCTGGCCGGCGGTATCCAGGATGTCCAACAGGCACGTCTCCCCATCAATGACCACCTGC	http://www.sanger.ac.uk/perl/genetics/CGP/cosmic?action=mut_summary&id=123649	chpv2
IDH1	NM_005896.2	28746	c.395G>A	p.R132H	-	2:209113112-209113112	CHP2_IDH1_1	AAGCATGACGACCTATGATGATAGGTTTTACCCATCCACTCACAAGCCGGGGGATATTTTTGCAGATAATGGCTTCTCTGAAGACCGTGCCACCCAGAATATT	http://www.sanger.ac.uk/perl/genetics/CGP/cosmic?action=mut_summary&id=28746	chpv2
IDH1	NM_005896	NOCOSMIC105	c.315C>T	p.G105G	-	2:209113192-209113192	CHP2_IDH1_1	AAGCATGACGACCTATGATGATAGGTTTTACCCATCCACTCACAAGCCGGGGGATATTTTTGCAGATAATGGCTTCTCTGAAGACCGTGCCACCCAGAATATT	NA	chpv2
IDH2	NM_002168.2	133672	c.516G>C	p.R172S	-	15:90631837-90631837	CHP2_IDH2_1	GCCATGGGCGTGCCTGCCAATGGTGATGGGCTTGGTCCAGCCAGGGACTAGGCGTGGGATGTTTTTGCAGATGATGGGCTCCCGGAAGACAGTCCCCCCCAGGATGTTCCGGATAGTTCCATTGGGACTT	http://www.sanger.ac.uk/perl/genetics/CGP/cosmic?action=mut_summary&id=133672	chpv2
JAK2	NM_004972	12600	c.1849G>T	p.V617F	+	9:5073770-5073770	CHP2_JAK2_1	GCTTTCTCACAAGCATTTGGTTTTAAATTATGGAGTATGTGTCTGTGGAGACGAGAGTAAGTAAAACTACAGGCTTTCTAATGCCTTTCTCAGAGCATCTGTTTTTGTTTATATAGAAAATTCAGTTT	http://www.sanger.ac.uk/perl/genetics/CGP/cosmic?action=mut_summary&id=12600	chpv2
JAK3	NM_000215	34196	c.420+28G>A	p.?	-	19:17954161-17954161	CHP2_JAK3_1	ATGTTGCCCCTTGGACCCCCAACCCCCTGGGTCAAACCCCAGGCAGAACCCCACCTGGGCAAAGAGGTGCTCCAGGACTGGCAGGTCAAGG	http://www.sanger.ac.uk/perl/genetics/CGP/cosmic?action=mut_summary&id=34196	chpv2
KDR	NM_002253	21091	c.743C>G	p.A248G	-	4:55980348-55980348	CHP2_KDR_1	CTGGGGCTTATTATCTAAGTATTTGGAGGTCTGGCTTTGAATCATTAGCGTTACCTTCGAAGAAGGGTATTCCCAGTTGAAGTCAATCCCCACATTTAGTTCAGTTCTTGCTGTACAATTT	http://www.sanger.ac.uk/perl/genetics/CGP/cosmic?action=mut_summary&id=21091	chpv2
KIT	NM_000222	1145	c.153C>G	p.G51G	+	4:55561763-55561763	CHP2_KIT_1	CACGATTCTGTTTTTCTTGGCAGGCTCTTCTCAACCATCTGTGAGTCCAGGGGAACCGTCTCCACCATCCATCCATCCAGGAAAATCAGACTTAATAGTCCGCGTGGGCGACGAGATTAGGCTGTTATGC	http://www.sanger.ac.uk/perl/genetics/CGP/cosmic?action=mut_summary&id=1145	chpv2
KRAS	NM_004985	12654	c.30_31insGGA	p.G10_A11insG	-	12:25398288-25398289	CHP2_KRAS_1	GCATATTAAAACAAGATTTACCTCTATTGTTGGATCATATTCGTCCACAAAATGATTCTGAATTAGCTGTATCGTCAAGGCACTCTTGCCTACGCCACCAGCTCCAACTACCACAAGT	http://www.sanger.ac.uk/perl/genetics/CGP/cosmic?action=mut_summary&id=12654	chpv2-clv2
MAP2K1_ENST00000307102	ENST00000307102	236154	c.171G>T	p.K57N	+	15:66727455-66727455	ON_MAP2K1_1	GAGCAGCAGCGAAAGCGCCTTGAGGCCTTTCTTACCCAGAAGCAGAAGGTGGGAGAACTGAAGGATGACGACTTTGAGAAGATCAGTGAGCTGGGGGCTGGCAATGGCGGTGTGGT	http://www.sanger.ac.uk/perl/genetics/CGP/cosmic?action=mut_summary&id=236154	clv2
MET	NM_000245	691	c.3803T>C	p.M1268T	+	7:116423474-116423474	CHP2_MET_6	ACATGTATGATAAAGAATACTATAGTGTACACAACAAAACAGGTGCAAAGCTGCCAGTGAAGTGGATGGCTTTGGAAAGTCTGCA	http://www.sanger.ac.uk/perl/genetics/CGP/cosmic?action=mut_summary&id=691	chpv2-clv2
MET	NM_001127500	NOCOSMIC848	c.2543A>C	p.Y848S	+	7:116403228-116403228	CHP2_MET_3	TAATCTGTTGTACCACTCCTTCCCTGCAACAGCTGAATCTGCAACTCCCCCTGAAAACCAAAGCCTTTTTCATGTTAGATGGGATCCTTTCCAAATACTTTGATCTCATTTATGTACATA	NA	chpv2
MLH1	NM_000249.2	26085	c.1151T>A	p.V384D	+	3:37067240-37067240	CHP2_MLH1_1	AAGTAGTGATAAGGTCTATGCCCACCAGATGGTTCGTACAGATTCCCGGGAACAGAAGCTTGATGCATTTCTGCAGCCTCTGAGCAAACCCCTGTCCAGTCAGCCCCAGGCCATTGTCACAGAGGA	http://www.sanger.ac.uk/perl/genetics/CGP/cosmic?action=mut_summary&id=26085	chpv2
MPL	NM_005373.1	142839	c.1544G>C	p.W515S	+	1:43815009-43815009	CHP2_MPL_1	CTGGGCCTCAGCGCCGTCCTGGGCCTGCTGCTGCTGAGGTGGCAGTTTCCTGCACACTACAGGTACCGCCCCCGCCAGGCAGGAGACTGGCGGTGGACCAGGTGGAGCCGAAGGCCTG	http://www.sanger.ac.uk/perl/genetics/CGP/cosmic?action=mut_summary&id=142839	chpv2
NOTCH1	NM_017617.2	12771	c.4802T>C	p.L1601P	-	9:139399344-139399344	CHP2_NOTCH1_1	GTGTGCAGCACGCGGCTGAGCTCCCGCAGGAAGTGGAAGGAGCTGTTGCGCAGCTGCTCCGGCGGCATCAGCACCACCACCACCAGCGTGCCGGCCGCCAGCCTCTCGGG	http://www.sanger.ac.uk/perl/genetics/CGP/cosmic?action=mut_summary&id=12771	chpv2-clv2
NPM1	NM_002520.4	158600	c.861_862insTGCA	p.W288fs*>9	+	5:170837545-170837546	CHP2_NPM1_1	TAACCACATTTCTTTTTTTTTTTTTCCAGGCTATTCAAGATCTCTGGCAGTGGAGGAAGTCTCTTTAAGAAAATAGTTTAAACAATTTGTTAAAAAATTTTCCGTCTTATTTCAT	http://www.sanger.ac.uk/perl/genetics/CGP/cosmic?action=mut_summary&id=158600	chpv2
NRAS	NM_002524	12723	c.34_35GG>AA	p.G12N	-	1:115258747-115258748	CHP2_NRAS_1	TCATCTACAAAGTGGTTCTGGATTAGCTGGATTGTCAGTGCGCTTTTCCCAACACCACCTGCTCCAACCACCACCAGTTTGTACT	http://www.sanger.ac.uk/perl/genetics/CGP/cosmic?action=mut_summary&id=12723	chpv2-clv2
PDGFRA	NM_006206	12396	c.2524G>T	p.D842Y	+	4:55152092-55152092	CHP2_PDGFRA_4	GGCTGCTCGCAACGTCCTCCTGGCACAAGGAAAAATTGTGAAGATCTGTGACTTTGGCCTGGCCAGAGACATCATGCATGATTCGAACTATGTGTCGAAAGGCAGTGTACGTCCTCACTTCCCTCACTGG	http://www.sanger.ac.uk/perl/genetics/CGP/cosmic?action=mut_summary&id=12396	chpv2
PIK3CA	NM_006218.1	12458	c.1634A>C	p.E545A	+	3:178936092-178936092	CHP2_PIK3CA_7	ATTAAGGGAAAATGACAAAGAACAGCTCAAAGCAATTTCTACACGAGATCCTCTCTCTGAAATCACTGAGCAGGAGAAAGAT	http://www.sanger.ac.uk/perl/genetics/CGP/cosmic?action=mut_summary&id=12458	chpv2-clv2
PIK3CA_ENST00000263967	ENST00000263967	125370	c.1633G>A	p.E545K	+	3:178936091-178936091	CHP2_PIK3CA_7	ATTAAGGGAAAATGACAAAGAACAGCTCAAAGCAATTTCTACACGAGATCCTCTCTCTGAAATCACTGAGCAGGAGAAAGAT	http://www.sanger.ac.uk/perl/genetics/CGP/cosmic?action=mut_summary&id=125370	chpv2-clv2
PTEN	NM_000314.4	133713	c.780_780delA	p.K260fs*6	+	10:89717755-89717755	CHP2_PTEN_6	CCACACGACGGGAAGACAAGTTCATGTACTTTGAGTTCCCTCAGCCGTTACCTGTGTGTGGTGATATCAAAGTAGAGTTCTTCCACAAACAGAACAAGATGCTAAAAAAGGTTT	http://www.sanger.ac.uk/perl/genetics/CGP/cosmic?action=mut_summary&id=133713	chpv2-clv2
PTPN11	NM_002834.3	13000	c.226G>A	p.E76K	+	12:112888210-112888210	CHP2_PTPN11_1	TAGAAGAAATGGAGCTGTCACCCACATCAAGATTCAGAACACTGGTGATTACTATGACCTGTATGGAGGGGAGAAATTTGCCACTTTGGCTGAGTTGGTCCAGTATTACA	http://www.sanger.ac.uk/perl/genetics/CGP/cosmic?action=mut_summary&id=13000	chpv2
Q7Z2S2_HUMAN	ENST00000341462	98900	c.397G>A	p.D133N	-	8:38285915-38285915	CHP2_FGFR1_1	ACAGTGTCTCACGCATACGGTTTGGTTTGGTGTTATCTGTTTCTTTCTCCTCTGAAGAGGAGTCATCATCATCATCATCATCCTCCGAGGAGGGGAGAGCATCTATGGGAAGAAGAAGGGGCAC	http://www.sanger.ac.uk/perl/genetics/CGP/cosmic?action=mut_summary&id=98900	clv2
RB1	NM_000321	1042	c.2107-2A>G	p.?	+	13:49037865-49037865	CHP2_RB1_9	TACATCAATTTATTTACTAGATTATGATGTGTTCCATGTATGGCATATGCAAAGTGAAGAATATAGACCTTAAATTCAAAATCATT	http://www.sanger.ac.uk/perl/genetics/CGP/cosmic?action=mut_summary&id=1042	chpv2
RET	NM_020975	133167	c.2647G>T	p.A883S	+	10:43615568-43615568	CHP2_RET_4	GCAGCCAGAAACATCCTGGTAGCTGAGGGGCGGAAGATGAAGATTTCGGATTTCGGCTTGTCCCGAGATGTTTATGAAGAGGATTCCTACGTGAAGAGGAGCCAGGTGCCCAGTCCCGGGGATGAGGCGGGGCTCCCAGGG	http://www.sanger.ac.uk/perl/genetics/CGP/cosmic?action=mut_summary&id=133167	chpv2
SMAD4	NM_005359.3	14057	c.733C>T	p.Q245*	+	18:48584560-48584560	CHP2_SMAD4_4	CAGGGCCTCAGCCAGGACAGCAGCAGAATGGATTTACTGGTCAGCCAGCTACTTACCATCATAGTATGTACATACTTTAAAAAATCTTTTAAATAGTTGAGAAAAAAGTAGGCAGCCTTTATAAAAG	http://www.sanger.ac.uk/perl/genetics/CGP/cosmic?action=mut_summary&id=14057	chpv2-clv2
SMARCB1	NM_003073.2	1002	c.118C>T	p.R40*	+	22:24133967-24133967	CHP2_SMARCB1_1	CCTCCGTATGTTCCGAGGTTCTCTGTACAAGAGATACCCCTCACTCTGGAGGCGACTAGCCACTGTGGAAGAGAGGAAGAAAATAGTTGCATCGTCACATGGTAAAAAAAC	http://www.sanger.ac.uk/perl/genetics/CGP/cosmic?action=mut_summary&id=1002	chpv2
SMO	NM_005631.3	13145	c.595C>T	p.R199W	+	7:128845101-128845101	CHP2_SMO_1	GTTCAACAGTTCAGGCCAGTGCGAAGTGCCCTTGGTTCGGACAGACAACCCCAAGAGCTGGTACGAGGACGTGGAGGGCTGCGGCATCCAGTGCCAGAACCCGCTCTTCACAGAGGCTGAGCACC	http://www.sanger.ac.uk/perl/genetics/CGP/cosmic?action=mut_summary&id=13145	chpv2
SRC	NM_005417	1369	c.1591C>T	p.Q531*	+	20:36031762-36031762	CHP2_SRC_1	GCCAGTGCTGGCGGAAGGAGCCTGAGGAGCGGCCCACCTTCGAGTACCTGCAGGCCTTCCTGGAGGACTACTTCACGTCCACCGAGCCCCAGTACCAGCCCGG	http://www.sanger.ac.uk/perl/genetics/CGP/cosmic?action=mut_summary&id=1369	chpv2
STK11	NM_000455	12924	c.842delC	p.P281fs*6	+	19:1221319-1221319	CHP2_STK11_4	CCCTTCGAAGGGGACAACATCTACAAGTTGTTTGAGAACATCGGGAAGGGGAGCTACGCCATCCCGGGCGACTGTGGCCCCCCGCTCTCTGACCTG	http://www.sanger.ac.uk/perl/genetics/CGP/cosmic?action=mut_summary&id=12924	chpv2-clv2
TP53	NM_000546	10645	c.527G>T	p.C176F	-	17:7578403-7578403	CHP2_TP53_4	CCAGCCCCAGCTGCTCACCATCGCTATCTGAGCAGCGCTCATGGTGGGGGCAGCGCCTCACAACCTCCGTCATGTGCTGTGACTGCTTGTAGATGGCCATGGCGCGGACGCGGGTGCCGGGCGGGGGTGTG	http://www.sanger.ac.uk/perl/genetics/CGP/cosmic?action=mut_summary&id=10645	chpv2-clv2
TP53_ENST00000269305	ENST00000269305	121035	c.733G>A	p.G245S	-	17:7577548-7577548	CHP2_TP53_6	CCAGTGTGATGATGGTGAGGATGGGCCTCCGGTTCATGCCGCCCATGCAGGAACTGTTACACATGTAGTTGTAGTGGATGGTGGTACAGTCAGAGCCAACCTAG	http://www.sanger.ac.uk/perl/genetics/CGP/cosmic?action=mut_summary&id=121035	chpv2-clv2
TP53_ENST00000413465	ENST00000413465	111495	c.532delC	p.H178fs*69	-	17:7578398-7578398	CHP2_TP53_4	CCAGCCCCAGCTGCTCACCATCGCTATCTGAGCAGCGCTCATGGTGGGGGCAGCGCCTCACAACCTCCGTCATGTGCTGTGACTGCTTGTAGATGGCCATGGCGCGGACGCGGGTGCCGGGCGGGGGTGTG	http://www.sanger.ac.uk/perl/genetics/CGP/cosmic?action=mut_summary&id=111495	chpv2-clv2
TP53_ENST00000414315	ENST00000414315	111496	c.136delC	p.H46fs*>45	-	17:7578398-7578398	CHP2_TP53_4	CCAGCCCCAGCTGCTCACCATCGCTATCTGAGCAGCGCTCATGGTGGGGGCAGCGCCTCACAACCTCCGTCATGTGCTGTGACTGCTTGTAGATGGCCATGGCGCGGACGCGGGTGCCGGGCGGGGGTGTG	http://www.sanger.ac.uk/perl/genetics/CGP/cosmic?action=mut_summary&id=111496	chpv2
TP53_ENST00000545858	ENST00000545858	111497	c.253delC	p.H85fs*69	-	17:7578398-7578398	CHP2_TP53_4	CCAGCCCCAGCTGCTCACCATCGCTATCTGAGCAGCGCTCATGGTGGGGGCAGCGCCTCACAACCTCCGTCATGTGCTGTGACTGCTTGTAGATGGCCATGGCGCGGACGCGGGTGCCGGGCGGGGGTGTG	http://www.sanger.ac.uk/perl/genetics/CGP/cosmic?action=mut_summary&id=111497	chpv2
VHL	NM_000551.2	14279	c.405delA	p.L135fs*24	+	3:10188262-10188262	CHP2_VHL_2	TGTCCCGATAGGTCACCTTTGGCTCTTCAGAGATGCAGGGACACACGATGGGCTTCTGGTTAACCAAACTGAATTATTTGTGCCATCTCTCAATGTTGACGGACAGCCTATTTTTGCCAA	http://www.sanger.ac.uk/perl/genetics/CGP/cosmic?action=mut_summary&id=14279	chpv2
